<?xml version="1.0" encoding="UTF-8"?>
<project-private xmlns="http://www.netbeans.org/ns/project-private/1">
    <editor-bookmarks xmlns="http://www.netbeans.org/ns/editor-bookmarks/2" lastBookmarkId="0"/>
    <open-files xmlns="http://www.netbeans.org/ns/projectui-open-files/2">
        <group>
            <file>file:/Users/macstudent/NetBeansProjects/FinalProject_MADF3464/src/com/lambton/finalproject/logic/EmployeeImpl.java</file>
            <file>file:/Users/macstudent/NetBeansProjects/FinalProject_MADF3464/src/com/lambton/finalproject/main/FinalProject_MADF3464.java</file>
            <file>file:/Users/macstudent/NetBeansProjects/FinalProject_MADF3464/src/com/lambton/finalproject/model/CommissionBasedPartTime.java</file>
            <file>file:/Users/macstudent/NetBeansProjects/FinalProject_MADF3464/src/com/lambton/finalproject/model/Employee.java</file>
            <file>file:/Users/macstudent/NetBeansProjects/FinalProject_MADF3464/src/com/lambton/finalproject/model/PartTime.java</file>
            <file>file:/Users/macstudent/NetBeansProjects/FinalProject_MADF3464/src/com/lambton/finalproject/model/FixedBasedPartTime.java</file>
        </group>
    </open-files>
</project-private>
